{
  "Age": {
    "count": 45211.0,
    "mean": 40.93621021432837,
    "std": 10.61876204097542,
    "min": 18.0,
    "25%": 33.0,
    "50%": 39.0,
    "75%": 48.0,
    "max": 95.0
  },
  "Balance (euros)": {
    "count": 45211.0,
    "mean": 1362.2720576850766,
    "std": 3044.765829168518,
    "min": -8019.0,
    "25%": 72.0,
    "50%": 448.0,
    "75%": 1428.0,
    "max": 102127.0
  },
  "Last Contact Day": {
    "count": 45211.0,
    "mean": 15.80641879188693,
    "std": 8.322476153044592,
    "min": 1.0,
    "25%": 8.0,
    "50%": 16.0,
    "75%": 21.0,
    "max": 31.0
  },
  "Last Contact Duration": {
    "count": 45211.0,
    "mean": 258.1630797814691,
    "std": 257.5278122651719,
    "min": 0.0,
    "25%": 103.0,
    "50%": 180.0,
    "75%": 319.0,
    "max": 4918.0
  },
  "Campaign": {
    "count": 45211.0,
    "mean": 2.763840658246887,
    "std": 3.0980208832791694,
    "min": 1.0,
    "25%": 1.0,
    "50%": 2.0,
    "75%": 3.0,
    "max": 63.0
  },
  "Pdays": {
    "count": 45211.0,
    "mean": 40.19782796222158,
    "std": 100.12874599059835,
    "min": -1.0,
    "25%": -1.0,
    "50%": -1.0,
    "75%": -1.0,
    "max": 871.0
  },
  "Previous": {
    "count": 45211.0,
    "mean": 0.5803233726305546,
    "std": 2.3034410449312213,
    "min": 0.0,
    "25%": 0.0,
    "50%": 0.0,
    "75%": 0.0,
    "max": 275.0
  },
  "Subscription": {
    "count": 45211.0,
    "mean": 1.1169848045829556,
    "std": 0.3214057326156639,
    "min": 1.0,
    "25%": 1.0,
    "50%": 1.0,
    "75%": 1.0,
    "max": 2.0
  }
}